0.478418,0.028576
0.478651,0.028488
0.478741,0.028454
0.478772,0.028443
0.478752,0.02845
0.478682,0.028476
0.478565,0.028521
0.4784,0.028583
0.478187,0.028664
0.477928,0.028763
0.477621,0.02888
0.477269,0.029016
0.476874,0.029169
0.476436,0.029341
0.475969,0.029524
0.475464,0.029725
0.474922,0.029943
0.474346,0.030177
0.473737,0.030426
0.473098,0.030691
0.472585,0.030906
0.472079,0.03112
0.471542,0.031349
0.470977,0.031593
0.470386,0.031851
0.469769,0.032123
0.469129,0.032408
0.468469,0.032707
0.467789,0.033018
0.467089,0.033342
0.466367,0.033681
0.465625,0.034035
0.464863,0.034403
0.464085,0.034785
0.463291,0.03518
0.462484,0.035588
0.461665,0.036009
0.461442,0.036442
0.461464,0.036886
0.461486,0.037341
0.461513,0.037889
0.461542,0.038464
0.461572,0.039047
0.461602,0.039638
0.461633,0.040235
0.461666,0.040839
0.461699,0.041449
0.461732,0.042065
0.461767,0.042686
0.461802,0.043313
0.461839,0.043945
0.461876,0.044582
0.461913,0.045224
0.461952,0.04587
0.461991,0.04652
0.462032,0.047174
0.462073,0.047832
0.462115,0.048493
0.462157,0.049158
0.462201,0.049826
0.462246,0.050486
0.462292,0.051146
0.462339,0.051808
0.462387,0.052474
0.462436,0.053143
0.462486,0.053814
0.462536,0.054488
0.462587,0.055165
0.462639,0.055844
0.462692,0.056525
0.462746,0.057208
0.4628,0.057893
0.462855,0.058581
0.462911,0.05927
0.462967,0.059961
0.463025,0.060653
0.463083,0.061348
0.463142,0.062044
0.463201,0.062741
0.463262,0.06344
0.463321,0.06412
0.463381,0.064797
0.463441,0.065475
0.463503,0.066155
0.463565,0.066836
0.463627,0.067519
0.463691,0.068204
0.463755,0.068889
0.46382,0.069576
0.463885,0.070264
0.463952,0.070954
0.464019,0.071644
0.464087,0.072336
0.464156,0.073029
0.464225,0.073722
0.464295,0.074417
0.464366,0.075113
0.464437,0.075809
0.46451,0.076506
0.464583,0.077205
0.464661,0.077947
0.464741,0.0787
0.464822,0.079453
0.464904,0.080206
0.464986,0.080959
0.46507,0.081713
0.465154,0.082466
0.465238,0.083219
0.465324,0.083972
0.46541,0.084726
0.465497,0.085479
0.465585,0.086232
0.465673,0.086985
0.465763,0.087738
0.465853,0.088491
0.465943,0.089243
0.466035,0.089996
0.466127,0.090748
0.46622,0.091501
0.466313,0.092253
0.466407,0.093002
0.466502,0.093751
0.466598,0.0945
0.466694,0.095249
0.466791,0.095998
0.466889,0.096746
0.466987,0.097495
0.467086,0.098243
0.467186,0.098991
0.467287,0.099739
0.467391,0.100487
0.467498,0.101235
0.467606,0.101983
0.467714,0.10273
0.467823,0.103478
0.467933,0.104225
0.468043,0.104972
0.468155,0.105719
0.468267,0.106467
0.468379,0.107214
0.468495,0.107977
0.468613,0.108743
0.468731,0.10951
0.468849,0.110276
0.468969,0.111042
0.469089,0.111808
0.469211,0.112574
0.469333,0.11334
0.469455,0.114106
0.469579,0.114872
0.469703,0.115637
0.469828,0.116402
0.469954,0.117168
0.47008,0.117933
0.470208,0.118698
0.470336,0.119463
0.470465,0.120228
0.470595,0.120993
0.470725,0.121758
0.470857,0.122523
0.470987,0.123281
0.471119,0.124037
0.471251,0.124793
0.471384,0.12555
0.471518,0.126306
0.471652,0.127062
0.471788,0.127818
0.471924,0.128574
0.472061,0.129331
0.472199,0.130087
0.472337,0.130842
0.472476,0.131595
0.472614,0.132344
0.472753,0.13309
0.472893,0.133834
0.473032,0.134575
0.473172,0.135315
0.473313,0.136053
0.473454,0.13679
0.473595,0.137526
0.473735,0.138247
0.473874,0.138964
0.474014,0.13968
0.474155,0.140396
0.474296,0.141111
0.474438,0.141827
0.474581,0.142541
0.474724,0.143256
0.474868,0.143971
0.475012,0.144685
0.475158,0.1454
0.475304,0.146114
0.47545,0.146828
0.475598,0.147542
0.475746,0.148256
0.475894,0.148969
0.476044,0.149683
0.476197,0.150396
0.476354,0.151109
0.476512,0.151822
0.476662,0.152501
0.476812,0.153171
0.476962,0.15384
0.477112,0.154509
0.477263,0.155178
0.477415,0.155847
0.477567,0.156515
0.477719,0.157183
0.477873,0.15785
0.478026,0.158517
0.47818,0.159183
0.478335,0.159849
0.47849,0.160514
0.478646,0.161179
0.478802,0.161843
0.478959,0.162506
0.479116,0.163169
0.479274,0.163831
0.479432,0.164492
0.47959,0.165153
0.479754,0.165832
0.47992,0.166516
0.480085,0.167199
0.480252,0.167881
0.480419,0.168563
0.480586,0.169243
0.480754,0.169923
0.480922,0.170602
0.481091,0.171281
0.48126,0.171958
0.48143,0.172635
0.4816,0.173311
0.481771,0.173987
0.481942,0.174661
0.482114,0.175335
0.482286,0.176008
0.482458,0.17668
0.482631,0.177352
0.482805,0.178023
0.482979,0.178693
0.483153,0.179363
0.483328,0.180032
0.483504,0.180701
0.48368,0.181369
0.483856,0.182037
0.484033,0.182704
0.484211,0.18337
0.484389,0.184036
0.484568,0.184701
0.484747,0.185366
0.484926,0.18603
0.485106,0.186694
0.485287,0.187358
0.485468,0.188021
0.48565,0.188684
0.485833,0.189347
0.486015,0.190009
0.486199,0.190671
0.486383,0.191333
0.486568,0.191994
0.486759,0.192678
0.486953,0.193368
0.487148,0.194057
0.487343,0.194747
0.487539,0.195436
0.487736,0.196126
0.487934,0.196816
0.488132,0.197505
0.488331,0.198195
0.488531,0.198885
0.488731,0.199576
0.488935,0.200266
0.489144,0.200956
0.489355,0.201647
0.489565,0.202338
0.489777,0.203029
0.489989,0.20372
0.490203,0.204411
0.490417,0.205102
0.490631,0.205793
0.490837,0.206452
0.49104,0.207103
0.491244,0.207754
0.491449,0.208405
0.491654,0.209056
0.49186,0.209707
0.492067,0.210357
0.492274,0.211008
0.492482,0.211658
0.49269,0.212308
0.492899,0.212959
0.493108,0.213608
0.493319,0.214258
0.493529,0.214907
0.493741,0.215556
0.493952,0.216205
0.494165,0.216854
0.494378,0.217502
0.494591,0.21815
0.494805,0.218797
0.495022,0.219452
0.495241,0.220109
0.49546,0.220765
0.495679,0.221421
0.495899,0.222076
0.496119,0.222731
0.49634,0.223385
0.496561,0.224038
0.496783,0.224691
0.497005,0.225343
0.497228,0.225994
0.497451,0.226645
0.497674,0.227294
0.497898,0.227943
0.498122,0.228592
0.498347,0.229239
0.498572,0.229886
0.498797,0.230532
0.499023,0.231176
0.499249,0.231821
0.49948,0.232477
0.499713,0.233136
0.499946,0.233794
0.500179,0.234451
0.500413,0.235108
0.500647,0.235763
0.500882,0.236418
0.501117,0.237072
0.501352,0.237725
0.501588,0.238377
0.501824,0.239028
0.50206,0.239678
0.502297,0.240328
0.502534,0.240977
0.502772,0.241625
0.50301,0.242273
0.503249,0.242919
0.503488,0.243565
0.503727,0.244211
0.503967,0.244856
0.504197,0.245473
0.504425,0.246082
0.504653,0.246691
0.504882,0.2473
0.505111,0.247909
0.505341,0.248517
0.505572,0.249124
0.505802,0.249732
0.506038,0.250339
0.506277,0.250946
0.506517,0.251552
0.506757,0.252158
0.506998,0.252764
0.50724,0.25337
0.507481,0.253976
0.507724,0.254581
0.507967,0.255186
0.50821,0.255791
0.508454,0.256396
0.508699,0.257
0.508949,0.257617
0.509201,0.258237
0.509453,0.258856
0.509706,0.259475
0.509959,0.260094
0.510213,0.260712
0.510468,0.26133
0.510723,0.261948
0.510978,0.262565
0.511234,0.263181
0.51149,0.263797
0.511746,0.264413
0.512004,0.265028
0.512261,0.265642
0.512519,0.266256
0.512777,0.266869
0.513036,0.267482
0.513294,0.268094
0.513554,0.268705
0.513813,0.269315
0.514082,0.269945
0.514352,0.270578
0.514624,0.271211
0.514895,0.271843
0.515167,0.272474
0.515439,0.273105
0.515712,0.273734
0.515984,0.274363
0.516257,0.274991
0.516531,0.275618
0.516805,0.276244
0.517079,0.276869
0.517353,0.277494
0.517627,0.278117
0.517902,0.27874
0.518178,0.279362
0.518453,0.279983
0.518729,0.280603
0.519005,0.281222
0.519281,0.281841
0.519561,0.282464
0.519842,0.283089
0.520122,0.283713
0.520404,0.284336
0.520685,0.284959
0.520967,0.285581
0.52125,0.286202
0.521533,0.286823
0.521816,0.287443
0.5221,0.288062
0.522384,0.288681
0.522668,0.289299
0.522953,0.289917
0.523238,0.290534
0.523524,0.29115
0.52381,0.291766
0.524097,0.292382
0.524384,0.292997
0.524672,0.293612
0.52496,0.294226
0.525238,0.294817
0.525514,0.295403
0.52579,0.295988
0.526067,0.296573
0.526344,0.297157
0.526621,0.29774
0.526899,0.298323
0.527177,0.298905
0.527455,0.299487
0.527735,0.300068
0.528022,0.300648
0.52831,0.301228
0.528598,0.301807
0.528886,0.302386
0.529174,0.302963
0.529463,0.30354
0.529752,0.304117
0.530041,0.304692
0.530331,0.305267
0.53062,0.305841
0.530903,0.306401
0.531185,0.306957
0.531467,0.307512
0.531749,0.308066
0.532031,0.308619
0.532313,0.309171
0.532595,0.309723
0.532878,0.310273
0.53316,0.310823
0.533443,0.311372
0.533725,0.311919
0.534008,0.312466
0.534291,0.313012
0.534573,0.313557
0.534856,0.314101
0.535139,0.314644
0.535422,0.315186
0.535705,0.315727
0.535989,0.316267
0.536272,0.316806
0.536561,0.317355
0.536851,0.317905
0.537141,0.318454
0.537431,0.319003
0.537722,0.31955
0.538013,0.320097
0.538303,0.320643
0.538594,0.321188
0.538885,0.321732
0.539176,0.322276
0.539468,0.322818
0.539759,0.32336
0.540051,0.323901
0.540342,0.324441
0.540634,0.324981
0.540926,0.32552
0.541219,0.326058
0.541511,0.326595
0.541804,0.327132
0.542096,0.327668
0.542388,0.328201
0.54268,0.328733
0.542972,0.329264
0.543264,0.329795
0.543556,0.330325
0.543849,0.330854
0.544141,0.331382
0.544434,0.33191
0.544726,0.332436
0.545019,0.332962
0.545309,0.333482
0.54556,0.333932
0.545773,0.334311
0.54595,0.334628
0.546097,0.334889
0.546216,0.335102
0.546312,0.335272
0.546387,0.335406
0.546443,0.335506
0.546483,0.335578
0.546522,0.335647
0.546552,0.335699
0.546571,0.335733
0.54658,0.335749
0.546581,0.335751
0.546575,0.33574
0.546562,0.335718
0.546544,0.335686
0.546522,0.335646
0.546495,0.335598
0.546464,0.335543
0.54643,0.335483
0.546393,0.335417
0.546344,0.33533
0.54627,0.335198
0.546171,0.335023
0.546074,0.334849
0.545977,0.334677
0.54588,0.334502
0.545779,0.334322
0.545673,0.334133
0.545559,0.33393
0.545433,0.333704
0.545286,0.333442
0.545097,0.333103
0.544822,0.332609
0.544412,0.331871
0.544233,0.331548
0.544036,0.331193
0.543781,0.330731
0.543527,0.330273
0.543269,0.329805
0.543,0.329315
0.542707,0.328783
0.542374,0.328176
0.542056,0.327595
0.541651,0.326852
0.541046,0.32574
0.540165,0.324114
0.53987,0.323567
0.539637,0.323134
0.539454,0.322792
0.539243,0.322401
0.538968,0.321887
0.538438,0.320896
0.537568,0.319261
0.537068,0.318316
0.536589,0.317408
0.536124,0.316525
0.535634,0.31559
0.534818,0.314027
0.533958,0.312369
0.5333,0.311094
0.532148,0.308849
0.531428,0.307436
0.531083,0.306755
0.530847,0.306289
0.530651,0.305902
0.530383,0.305371
0.529737,0.304087
0.529333,0.30328
0.529103,0.302821
0.52879,0.302193
0.528298,0.301203
0.527833,0.300265
0.527376,0.299322
0.526739,0.297988
0.52537,0.295097
0.52432,0.292859
0.523922,0.292007
0.523578,0.291267
0.523208,0.290469
0.522699,0.289367
0.521715,0.287222
0.521222,0.286141
0.520815,0.285245
0.520448,0.284434
0.520166,0.283809
0.519924,0.283272
0.519556,0.282453
0.518847,0.280868
0.51855,0.2802
0.518252,0.27953
0.517936,0.278816
0.517626,0.278115
0.517328,0.277436
0.516896,0.276453
0.516267,0.275012
0.515909,0.274191
0.515738,0.273796
0.515533,0.273321
0.514926,0.271914
0.51406,0.269894
0.51356,0.268719
0.513356,0.268238
0.51322,0.267919
0.512798,0.266919
0.512188,0.265468
0.511862,0.26469
0.511605,0.264074
0.511345,0.263449
0.511029,0.262687
0.510547,0.261523
0.509926,0.260012
0.509168,0.258156
0.5082,0.255765
0.507423,0.253829
0.506564,0.251672
0.505629,0.249275
0.505238,0.248242
0.505107,0.247898
0.504964,0.247517
0.504817,0.247128
0.504586,0.246511
0.504071,0.245136
0.503284,0.243015
0.502992,0.242224
0.502672,0.241351
0.502387,0.240573
0.502115,0.23983
0.501873,0.239165
0.501665,0.238591
0.501419,0.237911
0.501108,0.237048
0.500864,0.23637
0.500706,0.235926
0.500628,0.235711
0.500564,0.235531
0.500506,0.235367
0.500451,0.235213
0.500429,0.235153
0.500418,0.235121
0.500407,0.23509
0.500396,0.23506
0.500385,0.235031
0.500375,0.235001
0.500219,0.234563
0.500012,0.233981
0.499704,0.233111
0.499368,0.232158
0.499199,0.231679
0.499083,0.231349
0.498984,0.231065
0.498893,0.230805
0.498806,0.230558
0.498722,0.230316
0.498638,0.230075
0.498549,0.22982
0.498451,0.229538
0.498347,0.22924
0.498234,0.228915
0.498105,0.228542
0.498025,0.22831
0.49796,0.228122
0.497526,0.226865
0.497168,0.22582
0.496851,0.224891
0.496597,0.224142
0.496345,0.2234
0.49609,0.222643
0.495917,0.222131
0.495732,0.221579
0.495554,0.221049
0.495341,0.220411
0.495041,0.219508
0.494485,0.217829
0.494303,0.217275
0.494146,0.216797
0.493976,0.216278
0.493706,0.215451
0.493382,0.214454
0.493354,0.214368
0.49307,0.21349
0.492834,0.212758
0.492506,0.211735
0.492062,0.210344
0.491517,0.208622
0.49109,0.207264
0.490898,0.20665
0.490606,0.205713
0.490048,0.203911
0.489317,0.201525
0.488811,0.19985
0.488433,0.19855
0.488428,0.198532
0.488398,0.198429
0.488366,0.198317
0.488232,0.197854
0.48809,0.19736
0.487902,0.196704
0.487585,0.195596
0.487248,0.19441
0.487075,0.193799
0.48712,0.193957
0.487308,0.194621
0.486919,0.193245
0.486648,0.19228
0.486127,0.190412
0.485917,0.189653
0.485201,0.187042
0.484756,0.1854
0.48407,0.182841
0.483829,0.181935
0.483441,0.180462
0.482904,0.178406
0.482499,0.17684
0.482216,0.175736
0.482026,0.17499
0.481591,0.173274
0.480953,0.170725
0.480975,0.170817
0.480845,0.17029
0.480535,0.169036
0.480175,0.167565
0.479902,0.166443
0.479667,0.165472
0.479385,0.164298
0.479123,0.163199
0.479118,0.163177
0.478848,0.162035
0.478388,0.160074
0.47836,0.159955
0.478146,0.159034
0.477581,0.156579
0.477581,0.156576
0.477253,0.155133
0.477216,0.154971
0.476769,0.152982
0.476603,0.152232
0.476244,0.150608
0.475967,0.149315
0.47557,0.14741
0.475181,0.145514
0.474726,0.143269
0.474637,0.142826
0.474367,0.141468
0.474252,0.140887
0.474224,0.140749
0.474188,0.140566
0.473896,0.139077
0.473348,0.13624
0.473058,0.134709
0.472992,0.134362
0.47282,0.133446
0.472535,0.131916
0.472338,0.130849
0.472168,0.129919
0.472225,0.130232
0.472174,0.129953
0.472253,0.130385
0.472447,0.13144
0.472255,0.130395
0.472308,0.130682
0.471983,0.1289
0.471764,0.127684
0.471449,0.125917
0.47122,0.124616
0.471048,0.12363
0.470894,0.122739
0.470558,0.120776
0.470219,0.118764
0.47002,0.11757
0.470213,0.118728
0.470763,0.121978
0.470584,0.120929
0.470435,0.120049
0.47032,0.119366
0.470155,0.118379
0.469911,0.11691
0.469975,0.117296
0.469987,0.117371
0.469719,0.115733
0.469579,0.114873
0.469594,0.114965
0.469475,0.114228
0.469493,0.114342
0.469583,0.114896
0.469434,0.113972
0.469694,0.115584
0.469557,0.114736
0.469562,0.114767
0.469724,0.115768
0.46959,0.114939
0.469727,0.115783
0.469538,0.114622
0.469386,0.113673
0.469574,0.11484
0.469351,0.113457
0.469126,0.112042
0.469146,0.112167
0.468961,0.110988
0.468868,0.110397
0.468896,0.110574
0.469036,0.111472
0.46888,0.110473
0.468703,0.109333
0.46861,0.108726
0.468913,0.110683
0.468834,0.110174
0.468844,0.11024
0.469169,0.112313
0.469171,0.112324
0.468956,0.11096
0.468877,0.110455
0.468986,0.111148
0.468965,0.111017
0.469144,0.112156
0.469209,0.112567
0.468987,0.11116
0.468959,0.110977
0.469347,0.11343
0.469139,0.112125
0.469407,0.113807
0.469581,0.114888
0.469803,0.116251
298.323471,0.116257
298.323471,0.113257
298.323471,0.110255
298.323471,0.107271
298.323471,0.104343
298.323471,0.101417
298.323471,0.098494
298.323471,0.095573
298.323471,0.092657
298.323471,0.089744
298.323471,0.086835
298.323471,0.08393
298.323471,0.081031
298.323471,0.078137
298.323471,0.075253
298.323471,0.072513
298.323471,0.069792
298.323471,0.067091
298.323471,0.064413
298.323471,0.061762
298.323471,0.05914
298.323471,0.056349
298.323471,0.053558
298.323471,0.050788
298.323471,0.048045
298.323471,0.044903
298.323471,0.041741
298.323471,0.038613
298.323471,0.035588
298.323471,0.032471
298.323471,0.02919
298.323471,0.025463
298.323471,0.024346
298.323471,0.021829
298.323471,0.020611
298.323471,0.018942
298.323471,0.017142
298.323471,0.017924
298.323471,0.019279
298.323471,0.019951
298.323471,0.018473
298.323471,0.019063
298.323471,0.018975
298.323471,0.019011
298.323471,0.01909
298.323471,0.018947
298.323471,0.019163
298.323471,0.018949
298.323471,0.019028
298.323471,0.01897
298.323471,0.018981
298.323471,0.018974
298.323471,0.018979
298.323471,0.019106
298.323471,0.019016
298.323471,0.018917
298.323471,0.019974
298.323471,0.018516
298.323471,0.018973
298.323471,0.019113
298.323471,0.018957
298.323471,0.019867
298.323471,0.019739
298.323471,0.018392
298.323471,0.019018
298.323471,0.018912
298.323471,0.020405
298.323471,0.018417
298.323471,0.01896
298.323471,0.018982
298.323471,0.01924
298.323471,0.018791
298.323471,0.018963
298.323471,0.018907
298.323471,0.019061
298.323471,0.018902
298.323471,0.01893
298.323471,0.019049
298.323471,0.019063
298.323471,0.019045
298.323471,0.0192
298.323471,0.018719
298.323471,0.019016
298.323471,0.018979
298.323471,0.018835
298.323471,0.018934
298.323471,0.018977
298.323471,0.018845
298.323471,0.019032
298.323471,0.019063
298.323471,0.019304
298.323471,0.019137
298.323471,0.018745
298.323471,0.018822
298.323471,0.018962
298.323471,0.018972
298.323471,0.019203
298.323471,0.018683
298.323471,0.018862
298.323471,0.018978
298.323471,0.018806
298.323471,0.018863
298.323471,0.018864
298.323471,0.018888
298.323471,0.019596
298.323471,0.018469
298.323471,0.018857
298.323471,0.018869
298.323471,0.01923
298.323471,0.019072
298.323471,0.018783
298.323471,0.018762
298.323471,0.018847
298.323471,0.018827
298.323471,0.018942
298.323471,0.019414
298.323471,0.018505
298.323471,0.018822
298.323471,0.019316
298.323471,0.018804
298.323471,0.018771
298.323471,0.018785
298.323471,0.018864
298.323471,0.018938
298.323471,0.018752
298.323471,0.01879
298.323471,0.018811
298.323471,0.018878
298.323471,0.018757
298.323471,0.018863
298.323471,0.018867
298.323471,0.019391
298.323471,0.018465
298.323471,0.018827
298.323471,0.018876
298.323471,0.019365
298.323471,0.018455
298.323471,0.01878
298.323471,0.018829
298.323471,0.018743
298.323471,0.018791
298.323471,0.019055
298.323471,0.018884
298.323471,0.019035
298.323471,0.018554
298.323471,0.019573
298.323471,0.018451
298.323471,0.019001
298.323471,0.018605
298.323471,0.01875
298.323471,0.018953
298.323471,0.018642
298.323471,0.018868
298.323471,0.01868
298.323471,0.018982
298.323471,0.020547
298.323471,0.018102
298.323471,0.018948
298.323471,0.018623
298.323471,0.018783
298.323471,0.018761
298.323471,0.018706
298.323471,0.018791
298.323471,0.01868
298.323471,0.01887
298.323471,0.019017
298.323471,0.01865
298.323471,0.019115
298.323471,0.018513
298.323471,0.019108
298.323471,0.018492
298.323471,0.01888
298.323471,0.018606
298.323471,0.018795
298.323471,0.01865
298.323471,0.018756
298.323471,0.018697
298.323471,0.018714
298.323471,0.018695
298.323471,0.018968
298.323471,0.018806
298.323471,0.018544
298.323471,0.018676
298.323471,0.018717
298.323471,0.018827
298.323471,0.018946
298.323471,0.018479
298.323471,0.019149
298.323471,0.018883
298.323471,0.019177
298.323471,0.018636
298.323471,0.018612
298.323471,0.018896
298.323471,0.018536
298.323471,0.018884
298.323471,0.018796
298.323471,0.018502
298.323471,0.01883
298.323471,0.018652
298.323471,0.018579
298.323471,0.018644
298.323471,0.018653
298.323471,0.019057
298.323471,0.018529
298.323471,0.018707
298.323471,0.018778
298.323471,0.018576
298.323471,0.018701
298.323471,0.018576
298.323471,0.018601
298.323471,0.018644
298.323471,0.018664
298.323471,0.018663
298.323471,0.018659
298.323471,0.018603
298.323471,0.018572
298.323471,0.018773
298.323471,0.018508
298.323471,0.018757
298.323471,0.018807
298.323471,0.018448
298.323471,0.018607
298.323471,0.018572
298.323471,0.018609
298.323471,0.018716
298.323471,0.018621
298.323471,0.018556
298.323471,0.018565
298.323471,0.018986
298.323471,0.018551
298.323471,0.018543
298.323471,0.018525
298.323471,0.018947
298.323471,0.019624
298.323471,0.018788
298.323471,0.018531
298.323471,0.018411
298.323471,0.018994
298.323471,0.018318
298.323471,0.018557
298.323471,0.018923
298.323471,0.018388
298.323471,0.018628
298.323471,0.019584
298.323471,0.01812
298.323471,0.018604
298.323471,0.018496
298.323471,0.018705
298.323471,0.018465
298.323471,0.018675
298.323471,0.018542
298.323471,0.018488
298.323471,0.018613
298.323471,0.018596
298.323471,0.018547
298.323471,0.018609
298.323471,0.018435
298.323471,0.018527
298.323471,0.018495
298.323471,0.019408
298.323471,0.018176
298.323471,0.018597
298.323471,0.018427
298.323471,0.018891
298.323471,0.01829
298.323471,0.018515
298.323471,0.018488
298.323471,0.018621
298.323471,0.018436
298.323471,0.018573
298.323471,0.018683
298.323471,0.018471
298.323471,0.01847
298.323471,0.018523
298.323471,0.018448
298.323471,0.018493
298.323471,0.019077
298.323471,0.018525
298.323471,0.018288
298.323471,0.018376
