0.562018,0.012788
0.561628,0.012838
0.561242,0.012887
0.560661,0.012961
0.559891,0.013061
0.558923,0.013188
0.557745,0.013344
0.556351,0.013532
0.55474,0.013754
0.552922,0.014011
0.550912,0.014302
0.548731,0.014628
0.546402,0.014986
0.543952,0.015376
0.541461,0.015786
0.538891,0.016225
0.536268,0.016691
0.533611,0.01718
0.530938,0.017692
0.528267,0.018225
0.525717,0.018753
0.523206,0.019294
0.520714,0.019851
0.518249,0.020424
0.515819,0.02101
0.513427,0.02161
0.511079,0.02222
0.508778,0.022842
0.506524,0.023473
0.504316,0.024115
0.502144,0.024769
0.50001,0.025435
0.497916,0.026112
0.495863,0.0268
0.493853,0.027497
0.491884,0.028203
0.489959,0.028917
0.488077,0.02964
0.486238,0.030369
0.484441,0.031106
0.482665,0.031857
0.480927,0.032616
0.479232,0.033381
0.477579,0.03415
0.475967,0.034923
0.474395,0.035701
0.473625,0.036482
0.473664,0.037267
0.473703,0.038054
0.473743,0.038845
0.473784,0.039639
0.473826,0.040435
0.473869,0.041234
0.473913,0.042035
0.473958,0.042838
0.474004,0.043643
0.474051,0.04445
0.474099,0.045259
0.474147,0.046069
0.474197,0.04688
0.474248,0.047696
0.4743,0.048512
0.474352,0.049331
0.474407,0.05015
0.474464,0.05097
0.474523,0.051791
0.474583,0.052612
0.474643,0.053435
0.474705,0.054258
0.474767,0.055082
0.47483,0.055907
0.474895,0.056732
0.47496,0.057557
0.475026,0.058383
0.475093,0.05921
0.475161,0.060037
0.47523,0.060864
0.4753,0.061692
0.475371,0.06252
0.475442,0.063348
0.475516,0.064183
0.47559,0.06502
0.475665,0.065857
0.475741,0.066694
0.475818,0.067531
0.475896,0.068369
0.475975,0.069206
0.476055,0.070043
0.476136,0.07088
0.476218,0.071718
0.4763,0.072555
0.476384,0.073392
0.476469,0.074229
0.476554,0.075066
0.47664,0.075902
0.476728,0.076739
0.476816,0.077575
0.476905,0.078412
0.476995,0.079248
0.477086,0.080084
0.477176,0.080903
0.477266,0.081717
0.477357,0.082531
0.477449,0.083346
0.477542,0.08416
0.477636,0.084974
0.477731,0.085789
0.477826,0.086603
0.477923,0.087417
0.47802,0.088231
0.478118,0.089045
0.478218,0.089858
0.478317,0.090672
0.478418,0.091485
0.47852,0.092299
0.478622,0.09311
0.478726,0.093921
0.47883,0.094733
0.478935,0.095543
0.47904,0.096354
0.479145,0.097149
0.47925,0.09794
0.479356,0.098731
0.479462,0.099522
0.479572,0.100314
0.479685,0.101105
0.479799,0.101896
0.479914,0.102687
0.48003,0.103478
0.480147,0.104269
0.480264,0.10506
0.480383,0.105851
0.480502,0.106642
0.480622,0.107433
0.480743,0.108224
0.480864,0.109015
0.480987,0.109805
0.48111,0.110596
0.481234,0.111386
0.48136,0.112176
0.481489,0.112991
0.481621,0.113811
0.481753,0.114631
0.481887,0.115451
0.482021,0.11627
0.482156,0.117089
0.482292,0.117907
0.482428,0.118725
0.482566,0.119542
0.482704,0.12036
0.482844,0.121176
0.482984,0.121993
0.483125,0.122809
0.483266,0.123624
0.483409,0.124439
0.483552,0.125254
0.483697,0.126068
0.483842,0.126882
0.483988,0.127695
0.484135,0.128508
0.48428,0.12931
0.484427,0.130109
0.484573,0.130908
0.484721,0.131707
0.48487,0.132505
0.485019,0.133302
0.485169,0.134099
0.48532,0.134896
0.485472,0.135692
0.485624,0.136488
0.485778,0.137283
0.485931,0.138074
0.486084,0.13886
0.486238,0.139643
0.486392,0.140423
0.486546,0.1412
0.4867,0.141974
0.486855,0.142747
0.48701,0.143518
0.487166,0.144287
0.487322,0.145052
0.487478,0.145815
0.487635,0.146578
0.487793,0.147339
0.487951,0.1481
0.48811,0.14886
0.488269,0.149619
0.488433,0.150378
0.4886,0.151136
0.488768,0.151894
0.488937,0.152651
0.489106,0.153407
0.489277,0.154163
0.489448,0.154919
0.489619,0.155674
0.489791,0.156429
0.489965,0.157183
0.490138,0.157937
0.490313,0.15869
0.490488,0.159443
0.490666,0.160204
0.490845,0.160966
0.491024,0.161727
0.491205,0.162488
0.491386,0.163249
0.491568,0.164009
0.49175,0.164769
0.491933,0.165529
0.492117,0.166288
0.492302,0.167047
0.492488,0.167805
0.492674,0.168563
0.492861,0.16932
0.493049,0.170077
0.493237,0.170834
0.493426,0.17159
0.493616,0.172345
0.493806,0.173101
0.493998,0.173856
0.49419,0.17461
0.494387,0.175383
0.494587,0.17616
0.494787,0.176937
0.494988,0.177714
0.49519,0.17849
0.495393,0.179266
0.495597,0.180042
0.495801,0.180817
0.496007,0.181593
0.496213,0.182368
0.496419,0.183142
0.496627,0.183917
0.496836,0.184691
0.497045,0.185465
0.497255,0.186239
0.497466,0.187012
0.497678,0.187785
0.49789,0.188558
0.498104,0.189331
0.498318,0.190103
0.498531,0.190867
0.498744,0.19163
0.498958,0.192391
0.499172,0.193153
0.499388,0.193914
0.499604,0.194675
0.499821,0.195436
0.500039,0.196196
0.500257,0.196956
0.500477,0.197716
0.500697,0.198475
0.500918,0.199234
0.50114,0.199993
0.50137,0.200752
0.501601,0.20151
0.501833,0.202268
0.502066,0.203025
0.5023,0.203783
0.502534,0.20454
0.50277,0.205296
0.502996,0.206023
0.503221,0.206741
0.503447,0.207459
0.503673,0.208177
0.5039,0.208894
0.504127,0.209611
0.504355,0.210327
0.504584,0.211043
0.504814,0.211759
0.505044,0.212474
0.505275,0.213188
0.505506,0.213903
0.505738,0.214617
0.505971,0.21533
0.506205,0.216043
0.506439,0.216756
0.506673,0.217468
0.506909,0.21818
0.507145,0.218891
0.507382,0.219602
0.507622,0.220322
0.507864,0.221044
0.508106,0.221765
0.50835,0.222486
0.508594,0.223206
0.508838,0.223926
0.509083,0.224645
0.509329,0.225364
0.509575,0.226083
0.509823,0.2268
0.51007,0.227518
0.510319,0.228235
0.510568,0.228951
0.510817,0.229667
0.511067,0.230382
0.511318,0.231096
0.51157,0.231811
0.511822,0.232524
0.512075,0.233237
0.512328,0.23395
0.512586,0.234672
0.512845,0.235396
0.513105,0.23612
0.513365,0.236843
0.513626,0.237566
0.513888,0.238287
0.51415,0.239009
0.514413,0.23973
0.514677,0.24045
0.514941,0.241169
0.515206,0.241888
0.515471,0.242606
0.515737,0.243324
0.516004,0.244041
0.516271,0.244757
0.516539,0.245473
0.516808,0.246188
0.517077,0.246902
0.517346,0.247616
0.517617,0.24833
0.517887,0.249041
0.518158,0.249752
0.518435,0.250462
0.518717,0.251172
0.518998,0.251881
0.51928,0.252589
0.519563,0.253297
0.519847,0.254004
0.520131,0.254711
0.520415,0.255417
0.520701,0.256122
0.520986,0.256827
0.521273,0.257531
0.52156,0.258235
0.521847,0.258938
0.522136,0.259641
0.522424,0.260343
0.522714,0.261044
0.523004,0.261745
0.523294,0.262445
0.523586,0.263146
0.523878,0.263846
0.524171,0.264545
0.524464,0.265244
0.524758,0.265942
0.525052,0.26664
0.525347,0.267337
0.525643,0.268034
0.525939,0.26873
0.526236,0.269425
0.526533,0.27012
0.526831,0.270814
0.52713,0.271507
0.527429,0.2722
0.527728,0.272892
0.528028,0.273584
0.528329,0.274274
0.52863,0.274965
0.528932,0.275654
0.529234,0.276343
0.52954,0.277038
0.529847,0.277733
0.530154,0.278428
0.530462,0.279122
0.53077,0.279816
0.531079,0.280508
0.531389,0.2812
0.531699,0.281892
0.53201,0.282582
0.532321,0.283272
0.532632,0.283961
0.532944,0.284649
0.533257,0.285337
0.53357,0.286024
0.533884,0.28671
0.534198,0.287395
0.534512,0.28808
0.534827,0.288764
0.535143,0.289447
0.535459,0.290129
0.535772,0.290803
0.536084,0.291474
0.536397,0.292144
0.53671,0.292814
0.537024,0.293482
0.537338,0.29415
0.537653,0.294817
0.537968,0.295484
0.538283,0.296149
0.538599,0.296814
0.538916,0.297478
0.539233,0.298141
0.53955,0.298804
0.539868,0.299466
0.540188,0.300127
0.540516,0.300787
0.540844,0.301447
0.541173,0.302106
0.541503,0.302764
0.541833,0.303421
0.542164,0.304079
0.542495,0.304738
0.542828,0.305395
0.54316,0.306052
0.543493,0.306707
0.543827,0.307363
0.544161,0.308017
0.544495,0.308671
0.54483,0.309324
0.545165,0.309976
0.5455,0.310627
0.545836,0.311278
0.546173,0.311927
0.546509,0.312576
0.546847,0.313225
0.547184,0.313872
0.547522,0.314519
0.54786,0.315164
0.548199,0.315809
0.548538,0.316453
0.548873,0.317088
0.549207,0.31772
0.549541,0.318351
0.549876,0.318981
0.550211,0.319611
0.550546,0.320239
0.550882,0.320867
0.551217,0.321493
0.551554,0.322119
0.55189,0.322744
0.552227,0.323368
0.552564,0.323991
0.552901,0.324614
0.553239,0.325235
0.553576,0.325856
0.553914,0.326475
0.554253,0.327094
0.554591,0.327712
0.55493,0.328328
0.555269,0.328944
0.555613,0.329568
0.555959,0.330194
0.556305,0.330818
0.556651,0.331441
0.556998,0.332064
0.557345,0.332685
0.557692,0.333306
0.558039,0.333926
0.558387,0.334545
0.558735,0.335163
0.559083,0.33578
0.559431,0.336396
0.55978,0.337011
0.560129,0.337626
0.560478,0.338239
0.560827,0.338852
0.561177,0.339464
0.561527,0.340075
0.561877,0.340684
0.562227,0.341294
0.562571,0.341889
0.562912,0.34248
0.563254,0.343071
0.563596,0.34366
0.563938,0.344249
0.56428,0.344836
0.564623,0.345423
0.564965,0.346009
0.565308,0.346593
0.565651,0.347177
0.565994,0.34776
0.566338,0.348342
0.566681,0.348923
0.567024,0.349503
0.567369,0.350082
0.567722,0.35066
0.568075,0.351237
0.568428,0.351813
0.568782,0.352388
0.569135,0.352962
0.569492,0.35354
0.569849,0.354119
0.570206,0.354696
0.570564,0.355272
0.570922,0.355848
0.57128,0.356422
0.571637,0.356996
0.571995,0.357568
0.572353,0.358139
0.572711,0.35871
0.573065,0.359273
0.573373,0.359761
0.573631,0.360171
0.573847,0.360512
0.574025,0.360793
0.574169,0.361021
0.574285,0.361203
0.574374,0.361345
0.574441,0.361451
0.574489,0.361525
0.574515,0.361566
0.574525,0.361582
0.574521,0.361577
0.574507,0.361553
0.574482,0.361514
0.574448,0.361461
0.574406,0.361395
0.574358,0.361319
0.574304,0.361234
0.574245,0.361141
0.574181,0.36104
0.574114,0.360934
0.574042,0.36082
0.573957,0.360685
0.573826,0.360479
0.573631,0.360171
0.57335,0.359724
0.57297,0.359121
0.572568,0.358481
0.572282,0.358026
0.572028,0.357621
0.571765,0.357199
0.571477,0.356738
0.571155,0.356222
0.570757,0.355584
0.570171,0.354639
0.569355,0.353319
0.568877,0.352542
0.568528,0.351975
0.568207,0.351452
0.567878,0.350914
0.567507,0.350308
0.567054,0.349553
0.56643,0.348499
0.565801,0.347433
0.565439,0.346817
0.565089,0.34622
0.564712,0.345575
0.56424,0.344766
0.563533,0.343552
0.562454,0.341687
0.562033,0.340955
0.561648,0.340286
0.561264,0.339616
0.56078,0.338769
0.56005,0.337488
0.558947,0.33554
0.558509,0.334762
0.558098,0.33403
0.557639,0.333212
0.556977,0.332027
0.555994,0.330257
0.555409,0.329197
0.554941,0.328348
0.55444,0.327436
0.553696,0.326075
0.55259,0.32404
0.551996,0.32294
0.551364,0.321766
0.550509,0.32017
0.54953,0.318331
0.548402,0.316196
0.547536,0.314546
0.546409,0.312384
0.545249,0.310138
0.54415,0.307995
0.543035,0.305805
0.541979,0.303713
0.540902,0.301561
0.539864,0.299457
0.538859,0.297358
0.537891,0.295321
0.537071,0.293582
0.536159,0.291635
0.535338,0.289868
0.534469,0.287987
0.533405,0.285661
0.532731,0.28418
0.531928,0.282401
0.531008,0.280348
0.530457,0.27911
0.529874,0.277795
0.528992,0.27579
0.528079,0.2737
0.527561,0.272507
0.52696,0.271113
0.526042,0.268972
0.52516,0.266895
0.524663,0.265718
0.524315,0.26489
0.523931,0.263973
0.523334,0.26254
0.522551,0.260649
0.522153,0.259683
0.521799,0.25882
0.521403,0.257851
0.520673,0.256054
0.519982,0.25434
0.519729,0.253711
0.519488,0.25311
0.519237,0.252479
0.518909,0.251656
0.518348,0.250242
0.517713,0.248584
0.517398,0.247752
0.517069,0.246883
0.51674,0.246007
0.516335,0.244928
0.515869,0.243678
0.515654,0.243099
0.515435,0.242507
0.515201,0.241873
0.514954,0.241204
0.514592,0.240218
0.513979,0.238538
0.513616,0.237536
0.51336,0.236829
0.513158,0.236269
0.512952,0.235694
0.512712,0.235025
0.512328,0.233949
0.511751,0.232322
0.511084,0.23043
0.510823,0.229684
0.510593,0.229024
0.510364,0.228365
0.510103,0.227613
0.509714,0.226485
0.509144,0.224823
0.508811,0.223846
0.508617,0.223276
0.508151,0.221898
0.507604,0.220269
0.507055,0.21862
0.506442,0.216766
0.505898,0.215105
0.505463,0.213771
0.505058,0.212518
0.504561,0.210969
0.503929,0.208985
0.503593,0.207924
0.503394,0.207292
0.503083,0.206302
0.50261,0.204782
0.502094,0.203117
0.501659,0.201697
0.5012,0.200193
0.500712,0.198529
0.500166,0.196639
0.499804,0.195376
0.499498,0.194302
0.499191,0.193218
0.498825,0.19192
0.498503,0.190767
0.498176,0.189592
0.497754,0.188064
0.497245,0.186203
0.496931,0.185042
0.496446,0.18324
0.496011,0.181611
0.495604,0.180068
0.495213,0.178576
0.494926,0.177474
0.494651,0.17641
0.494443,0.175601
0.494177,0.17456
0.493651,0.172487
0.49318,0.170607
0.492915,0.16954
0.492742,0.168837
0.492574,0.168157
0.492297,0.167026
0.491955,0.165616
0.491666,0.164421
0.491457,0.163549
0.491246,0.162664
0.491071,0.161925
0.490866,0.161056
0.490582,0.159847
0.490342,0.158817
0.490009,0.157376
0.489722,0.156127
0.489521,0.155244
0.489399,0.154705
0.489209,0.153865
0.488784,0.151965
0.488492,0.150646
0.488233,0.149446
0.487918,0.147943
0.487534,0.146086
0.487241,0.144656
0.486888,0.142914
0.486587,0.141407
0.486426,0.140595
0.486229,0.139596
0.486026,0.13856
0.485789,0.137341
0.485506,0.135869
0.485226,0.134401
0.485048,0.133456
0.484804,0.132152
0.484639,0.131263
0.484515,0.13059
0.484273,0.12927
0.484178,0.128747
0.484032,0.127942
0.48386,0.126981
0.483575,0.125382
0.483407,0.124426
0.483075,0.122523
0.482846,0.12119
0.482673,0.120177
0.482471,0.118977
0.482242,0.117609
0.482041,0.116391
0.48193,0.115714
0.481819,0.115034
0.481726,0.114464
0.481577,0.113538
0.48144,0.112682
0.481343,0.11207
0.481295,0.111771
0.481178,0.11103
0.481063,0.110295
0.480888,0.109171
0.480666,0.107724
0.480499,0.106625
0.480278,0.105156
0.48022,0.104766
0.480012,0.103356
0.479868,0.102371
0.479861,0.10232
0.479787,0.101812
0.479644,0.100821
0.479619,0.100642
0.479395,0.099024
0.479335,0.098576
0.479274,0.098121
0.479244,0.097897
0.479044,0.096386
0.478973,0.095835
0.478928,0.095492
0.478848,0.094874
0.478652,0.093345
0.478627,0.09315
0.478533,0.092399
0.478502,0.092157
0.478379,0.091166
0.478317,0.090666
0.478272,0.090302
0.4782,0.089712
0.478145,0.089263
0.478047,0.088455
0.478001,0.088074
0.477904,0.087257
0.477758,0.086018
0.477645,0.085049
0.477553,0.08425
0.477603,0.084689
0.477604,0.084695
0.477502,0.083813
0.477458,0.083424
0.477381,0.082746
0.477342,0.082395
0.477368,0.08263
0.477448,0.083335
0.477459,0.083433
0.477528,0.084032
0.477467,0.083505
0.477528,0.084038
0.477522,0.083988
0.47751,0.083877
0.477474,0.083562
0.477539,0.084136
0.477536,0.084103
0.47754,0.084145
0.47755,0.084232
0.477676,0.085318
0.477567,0.084376
0.477613,0.084777
0.477734,0.08582
0.477682,0.08537
0.477797,0.086353
0.477819,0.086544
0.477882,0.087072
0.477934,0.08751
0.4779,0.087225
0.477957,0.087703
0.478028,0.088295
0.478056,0.088532
0.478063,0.088588
0.478175,0.089511
0.478323,0.090716
0.478319,0.090682
0.478439,0.091652
0.478453,0.091766
0.478518,0.092279
0.478687,0.093618
0.478716,0.093846
0.478792,0.094439
0.478813,0.094602
0.478883,0.095142
0.479064,0.096536
0.479135,0.097076
0.479274,0.098118
0.479377,0.098893
0.479564,0.10026
0.479633,0.10074
0.479801,0.101906
0.479902,0.102606
0.480016,0.10338
0.480026,0.103454
0.480206,0.10467
0.480368,0.105753
0.480458,0.106355
0.480635,0.107518
0.480806,0.108638
0.48096,0.109629
0.481044,0.110173
0.481122,0.110669
0.481304,0.111829
0.481487,0.112979
0.481465,0.112838
0.481665,0.114086
0.481759,0.114667
0.481971,0.115964
0.482111,0.116819
0.482287,0.117876
0.482542,0.119398
0.482614,0.119827
0.482874,0.121354
0.483126,0.122818
0.483168,0.12306
0.483441,0.124623
0.483573,0.125372
0.483694,0.126052
0.483977,0.127635
0.484265,0.129224
0.484414,0.130041
0.484637,0.131254
0.484872,0.132517
0.485035,0.133385
0.485189,0.134205
0.485491,0.135793
0.485609,0.136407
0.485845,0.137629
0.485999,0.138421
0.486231,0.139607
0.486357,0.140249
0.486452,0.140728
0.486723,0.142088
0.487009,0.143511
0.487275,0.14482
0.487508,0.145962
0.487715,0.146965
0.488,0.148337
0.488208,0.149329
0.488423,0.150333
0.488643,0.151328
0.488852,0.152269
0.489136,0.153538
0.489369,0.154573
0.489532,0.155293
0.489819,0.156547
0.490074,0.157657
0.490322,0.15873
0.490489,0.159447
0.490672,0.160229
0.490836,0.160931
0.49109,0.162006
0.491322,0.162982
0.491474,0.163617
0.491715,0.164622
0.492064,0.166067
0.492319,0.167117
0.492484,0.167788
0.492582,0.168188
0.492738,0.168822
0.493013,0.169933
0.49328,0.171008
0.493616,0.172345
0.493923,0.173561
0.494253,0.174856
0.494583,0.176144
0.494795,0.176968
0.495075,0.178048
0.495431,0.179409
0.495689,0.180393
0.495934,0.181319
0.496188,0.182274
0.496632,0.183935
0.49693,0.185041
0.497158,0.185881
0.497454,0.186968
0.497691,0.187835
0.497982,0.18889
0.498221,0.189755
0.49849,0.190721
0.498787,0.191783
0.499186,0.193201
0.499402,0.193964
0.499806,0.195383
0.500074,0.196318
0.500307,0.197126
0.500504,0.197809
0.500708,0.198512
0.500995,0.199498
0.501289,0.200486
0.501558,0.201368
0.501818,0.202217
0.502071,0.203041
0.502438,0.20423
0.502648,0.204904
0.502898,0.205709
0.503154,0.206528
0.503476,0.207554
0.503944,0.209034
0.504159,0.209712
0.504345,0.210293
0.504471,0.21069
0.504624,0.211166
0.504841,0.211843
0.505222,0.213026
0.505442,0.213704
0.505605,0.214207
0.505756,0.21467
0.505894,0.215095
0.506069,0.215631
0.50638,0.216576
0.506742,0.217677
0.506866,0.218049
0.507003,0.218465
0.507179,0.218995
0.507397,0.219648
0.507711,0.220587
0.508006,0.221466
0.5082,0.222041
0.508407,0.222654
0.508617,0.223275
0.508957,0.224274
0.509251,0.225138
0.509521,0.225924
0.509829,0.226818
0.510211,0.227924
0.51061,0.229073
0.511,0.230189
0.511334,0.23114
0.511675,0.232108
0.51201,0.233055
0.512329,0.233953
0.512669,0.234904
0.512965,0.235732
0.513272,0.236584
0.513566,0.237399
0.513896,0.238309
0.514245,0.239269
0.514564,0.240141
0.514909,0.241082
0.515248,0.242002
0.515622,0.243014
0.515952,0.243902
0.516286,0.244797
0.516578,0.245577
0.516916,0.246475
0.517327,0.247565
0.517563,0.248188
0.517787,0.248779
0.518091,0.249577
0.518379,0.250319
0.518768,0.251302
0.519076,0.252075
0.51948,0.253088
0.519842,0.253991
0.520286,0.255096
0.520546,0.25574
0.520749,0.256243
0.520945,0.256725
0.52115,0.257231
0.521464,0.258
0.52181,0.258846
0.521972,0.259243
0.522141,0.259654
0.522322,0.260095
0.522642,0.260871
0.522915,0.261531
0.523156,0.262112
0.523517,0.26298
0.523915,0.263934
0.524152,0.2645
0.524425,0.265151
0.52479,0.26602
0.525105,0.266764
0.525297,0.267219
0.52553,0.267768
0.525847,0.268513
0.526249,0.269455
0.526413,0.269838
0.52661,0.270299
0.52692,0.27102
0.527316,0.27194
0.527749,0.272939
0.528219,0.274022
0.528518,0.274708
0.528859,0.275488
0.529057,0.27594
0.529221,0.276313
0.52947,0.276879
0.529835,0.277706
0.529967,0.278006
0.53011,0.278329
0.530241,0.278624
0.530545,0.279309
0.530783,0.279844
0.53111,0.280577
0.531377,0.281173
0.531745,0.281994
0.532105,0.282795
0.532334,0.2833
0.532463,0.283587
0.532606,0.283903
0.532843,0.284426
0.533179,0.285167
