0.469882,0
0.470105,0.004502
0.470247,0.007002
0.470387,0.009502
0.470519,0.012002
0.470637,0.014502
0.470733,0.017002
0.470802,0.019502
0.470838,0.022002
0.470837,0.024502
0.470794,0.027002
0.470707,0.029502
0.470574,0.032002
0.470394,0.034502
0.470144,0.037002
0.469848,0.039502
0.469505,0.042002
0.469117,0.044502
0.468684,0.047002
0.468209,0.049502
0.467563,0.052002
0.466852,0.054502
0.466112,0.057002
0.465345,0.059502
0.464554,0.062002
0.46374,0.064502
0.462907,0.067002
0.462057,0.069502
0.461192,0.072002
0.460313,0.074502
0.459416,0.077002
0.458834,0.079502
0.458855,0.082002
0.458878,0.084502
0.458901,0.087002
0.458925,0.089502
0.458949,0.092002
0.458975,0.094502
0.459002,0.097002
0.45903,0.099502
0.459058,0.102002
0.459088,0.104502
0.459118,0.107002
0.45915,0.109502
0.459182,0.112002
0.459215,0.114502
0.459249,0.117002
0.459284,0.119502
0.459321,0.122002
0.459357,0.124502
0.459395,0.127002
0.459434,0.129502
0.459474,0.132002
0.459515,0.134502
0.459556,0.137002
0.459599,0.139502
0.459642,0.142002
0.459687,0.144502
0.459735,0.147002
0.459784,0.149502
0.459836,0.152002
0.459889,0.154502
0.459943,0.157002
0.459998,0.159502
0.460054,0.162002
0.460111,0.164502
0.460169,0.167002
0.460228,0.169502
0.460287,0.172002
0.460348,0.174502
0.46041,0.177002
0.460472,0.179502
0.460536,0.182002
0.4606,0.184502
0.460665,0.187002
0.460731,0.189502
0.460798,0.192002
0.460866,0.194502
0.460935,0.197002
0.461005,0.199502
0.461073,0.202002
0.461142,0.204502
0.461212,0.207002
0.461283,0.209502
0.461355,0.212002
0.461428,0.214502
0.461501,0.217002
0.461576,0.219502
0.461651,0.222002
0.461727,0.224502
0.461804,0.227002
0.461882,0.229502
0.461961,0.232002
0.462041,0.234502
0.462121,0.237002
0.462203,0.239502
0.462285,0.242002
0.462368,0.244502
0.462452,0.247002
0.462537,0.249502
0.462618,0.252002
0.462699,0.254502
0.462781,0.257002
0.462864,0.259502
0.462947,0.262002
0.463032,0.264502
0.463117,0.267002
0.463203,0.269502
0.463291,0.272002
0.463379,0.274502
0.463467,0.277002
0.463557,0.279502
0.463648,0.282002
0.463739,0.284502
0.463831,0.287002
0.463925,0.289502
0.464016,0.292002
0.464109,0.294502
0.464202,0.297002
0.464297,0.299502
0.464399,0.302002
0.464505,0.304502
0.464611,0.307002
0.464718,0.309502
0.46483,0.312002
0.464944,0.314502
0.465059,0.317002
0.465174,0.319502
0.465291,0.322002
0.465408,0.324502
0.465527,0.327002
0.465646,0.329502
0.465766,0.332002
0.465886,0.334502
0.466008,0.337002
0.466131,0.339502
0.466254,0.342002
0.466379,0.344502
0.466504,0.347002
0.46663,0.349502
0.46675,0.352002
0.466868,0.354502
0.466988,0.357002
0.467108,0.359502
0.467229,0.362002
0.467352,0.364502
0.467475,0.367002
0.467599,0.369502
0.467724,0.372002
0.46785,0.374502
0.467977,0.377002
0.468105,0.379502
0.468234,0.382002
0.468364,0.384502
0.468495,0.387002
0.468627,0.389502
0.46876,0.392002
0.468893,0.394502
0.469028,0.397002
0.469164,0.399502
0.469302,0.402002
0.469441,0.404502
0.469581,0.407002
0.469722,0.409502
0.469865,0.412002
0.470008,0.414502
0.470151,0.417002
0.470296,0.419502
0.470442,0.422002
0.470588,0.424502
0.470736,0.427002
0.470883,0.429502
0.471031,0.432002
0.471179,0.434502
0.471327,0.437002
0.471475,0.439502
0.471624,0.442002
0.471774,0.444502
0.471924,0.447002
0.472074,0.449502
0.472226,0.452002
0.472378,0.454502
0.472531,0.457002
0.472685,0.459502
0.472839,0.462002
0.472994,0.464502
0.47315,0.467002
0.473306,0.469502
0.473463,0.472002
0.473627,0.474502
0.473792,0.477002
0.473957,0.479502
0.474124,0.482002
0.47429,0.484502
0.474458,0.487002
0.474626,0.489502
0.474795,0.492002
0.474964,0.494502
0.475134,0.497002
0.475305,0.499502
0.475478,0.502002
0.475651,0.504502
0.475825,0.507002
0.476,0.509502
0.476175,0.512002
0.476351,0.514502
0.476527,0.517002
0.476705,0.519502
0.476882,0.522002
0.477061,0.524502
0.477239,0.527002
0.477419,0.529502
0.477599,0.532002
0.47778,0.534502
0.477961,0.537002
0.478143,0.539502
0.478325,0.542002
0.478508,0.544502
0.478692,0.547002
0.478876,0.549502
0.479061,0.552002
0.479247,0.554502
0.479434,0.557002
0.479621,0.559502
0.479809,0.562002
0.479997,0.564502
0.480186,0.567002
0.480376,0.569502
0.480566,0.572002
0.480757,0.574502
0.480948,0.577002
0.481141,0.579502
0.481333,0.582002
0.481527,0.584502
0.481721,0.587002
0.481916,0.589502
0.482111,0.592002
0.482308,0.594502
0.482504,0.597002
0.482702,0.599502
0.482897,0.602002
0.483092,0.604502
0.483287,0.607002
0.483483,0.609502
0.48368,0.612002
0.483877,0.614502
0.484075,0.617002
0.484274,0.619502
0.484474,0.622002
0.484674,0.624502
0.484875,0.627002
0.485077,0.629502
0.485279,0.632002
0.485483,0.634502
0.485687,0.637002
0.485892,0.639502
0.486097,0.642002
0.48631,0.644502
0.486525,0.647002
0.48674,0.649502
0.486957,0.652002
0.487175,0.654502
0.487394,0.657002
0.487613,0.659502
0.487833,0.662002
0.488054,0.664502
0.488276,0.667002
0.488499,0.669502
0.488723,0.672002
0.488947,0.674502
0.489172,0.677002
0.489398,0.679502
0.489624,0.682002
0.489852,0.684502
0.49008,0.687002
0.490309,0.689502
0.490539,0.692002
0.490769,0.694502
0.491,0.697002
0.491232,0.699502
0.491461,0.702002
0.49169,0.704502
0.49192,0.707002
0.49215,0.709502
0.492381,0.712002
0.492612,0.714502
0.492844,0.717002
0.493077,0.719502
0.49331,0.722002
0.493543,0.724502
0.493778,0.727002
0.494012,0.729502
0.494248,0.732002
0.494484,0.734502
0.49472,0.737002
0.494957,0.739502
0.495194,0.742002
0.495432,0.744502
0.49567,0.747002
0.495909,0.749502
0.496154,0.752002
0.496401,0.754502
0.496649,0.757002
0.496897,0.759502
0.497145,0.762002
0.497394,0.764502
0.497643,0.767002
0.497893,0.769502
0.498143,0.772002
0.498394,0.774502
0.498645,0.777002
0.498897,0.779502
0.499149,0.782002
0.499401,0.784502
0.499654,0.787002
0.499908,0.789502
0.500162,0.792002
0.500416,0.794502
0.500671,0.797002
0.500926,0.799502
0.501187,0.802002
0.50145,0.804502
0.501713,0.807002
0.501977,0.809502
0.502241,0.812002
0.502506,0.814502
0.502771,0.817002
0.503037,0.819502
0.503312,0.822002
0.503589,0.824502
0.503865,0.827002
0.504143,0.829502
0.504421,0.832002
0.5047,0.834502
0.50498,0.837002
0.50526,0.839502
0.505541,0.842002
0.505823,0.844502
0.506106,0.847002
0.506389,0.849502
0.506671,0.852002
0.506953,0.854502
0.507236,0.857002
0.507519,0.859502
0.507804,0.862002
0.508088,0.864502
0.508374,0.867002
0.50866,0.869502
0.508948,0.872002
0.509235,0.874502
0.509524,0.877002
0.509813,0.879502
0.510102,0.882002
0.510393,0.884502
0.510683,0.887002
0.510975,0.889502
0.511267,0.892002
0.511559,0.894502
0.511853,0.897002
0.512146,0.899502
0.512437,0.902002
0.512728,0.904502
0.51302,0.907002
0.513311,0.909502
0.513603,0.912002
0.513896,0.914502
0.514189,0.917002
0.514482,0.919502
0.514775,0.922002
0.515069,0.924502
0.515363,0.927002
0.515658,0.929502
0.515952,0.932002
0.516247,0.934502
0.516543,0.937002
0.516838,0.939502
0.517134,0.942002
0.51743,0.944502
0.517727,0.947002
0.518024,0.949502
0.51831,0.952002
0.518595,0.954502
0.518879,0.957002
0.519164,0.959502
0.519449,0.962002
0.519735,0.964502
0.52002,0.967002
0.520306,0.969502
0.520592,0.972002
0.520879,0.974502
0.521166,0.977002
0.521454,0.979502
0.521741,0.982002
0.52203,0.984502
0.522318,0.987002
0.522608,0.989502
0.522897,0.992002
0.523187,0.994502
0.523478,0.997002
0.523769,0.999502
0.52408,1.002002
0.524397,1.004502
0.524714,1.007002
0.525042,1.009502
0.52537,1.012002
0.525699,1.014502
0.526029,1.017002
0.526359,1.019502
0.52669,1.022002
0.527022,1.024502
0.527354,1.027002
0.527686,1.029502
0.52802,1.032002
0.528353,1.034502
0.528687,1.037002
0.529022,1.039502
0.529357,1.042002
0.529692,1.044502
0.530027,1.047002
0.530363,1.049502
0.53069,1.052002
0.531014,1.054502
0.531339,1.057002
0.531664,1.059502
0.531989,1.062002
0.532314,1.064502
0.532639,1.067002
0.532965,1.069502
0.53329,1.072002
0.533616,1.074502
0.533942,1.077002
0.534267,1.079502
0.534593,1.082002
0.534919,1.084502
0.535246,1.087002
0.535572,1.089502
0.535899,1.092002
0.536225,1.094502
0.536552,1.097002
0.53688,1.099502
0.537206,1.102002
0.537532,1.104502
0.537859,1.107002
0.538186,1.109502
0.538514,1.112002
0.538841,1.114502
0.539169,1.117002
0.539498,1.119502
0.539827,1.122002
0.540156,1.124502
0.540486,1.127002
0.540816,1.129502
0.541146,1.132002
0.541477,1.134502
0.541808,1.137002
0.54214,1.139502
0.542472,1.142002
0.542805,1.144502
0.543137,1.147002
0.54347,1.149502
0.543795,1.152002
0.544118,1.154502
0.544441,1.157002
0.544764,1.159502
0.545087,1.162002
0.545411,1.164502
0.545735,1.167002
0.546058,1.169502
0.546382,1.172002
0.546706,1.174502
0.54703,1.177002
0.547353,1.179502
0.547677,1.182002
0.548001,1.184502
0.548324,1.187002
0.548648,1.189502
0.548971,1.192002
0.549295,1.194502
0.549618,1.197002
0.549941,1.199502
0.550275,1.202002
0.550613,1.204502
0.55095,1.207002
0.551288,1.209502
0.551626,1.212002
0.551972,1.214502
0.552319,1.217002
0.552666,1.219502
0.553013,1.222002
0.553361,1.224502
0.553704,1.227002
0.554003,1.229502
0.554255,1.232002
0.554466,1.234502
0.554641,1.237002
0.554783,1.239502
0.554898,1.242002
0.554988,1.244502
0.555057,1.247002
0.555106,1.249502
0.555138,1.252002
0.555155,1.254502
0.555159,1.257002
0.555152,1.259502
0.555136,1.262002
0.555111,1.264502
0.555079,1.267002
0.55504,1.269502
0.554996,1.272002
0.554946,1.274502
0.554893,1.277002
0.554836,1.279502
0.554774,1.282002
0.5547,1.284502
0.554586,1.288252
0.554415,1.293877
0.554232,1.299859
0.554097,1.30457
0.55398,1.308655
0.553874,1.312368
0.553774,1.315833
0.55368,1.319126
0.553588,1.322297
0.5535,1.32538
0.553413,1.328406
0.553327,1.331397
0.553241,1.334372
0.553156,1.337353
0.55307,1.340357
0.552983,1.343407
0.552894,1.346523
0.552802,1.349735
0.552696,1.353077
0.552583,1.356618
0.552462,1.360436
0.552328,1.364647
0.552176,1.369455
0.551993,1.375293
0.55174,1.383362
0.551371,1.395466
0.550814,1.413621
0.550647,1.419019
0.550505,1.423624
0.550376,1.427786
0.550256,1.431664
0.550142,1.435353
0.550032,1.438911
0.549925,1.442385
0.549819,1.445808
0.549714,1.449211
0.549594,1.452623
0.549469,1.456038
0.549344,1.459475
0.549218,1.462966
0.549088,1.466541
0.548954,1.470241
0.548815,1.474118
0.548667,1.47824
0.548506,1.482711
0.548328,1.4877
0.548121,1.493528
0.547863,1.500944
0.547518,1.512068
0.547004,1.528754
0.546757,1.536751
0.54658,1.542509
0.546428,1.54743
0.546295,1.551885
0.546176,1.556038
0.546063,1.559972
0.545954,1.56376
0.545848,1.567457
0.545744,1.571098
0.545641,1.574722
0.545537,1.578359
0.545432,1.582042
0.545325,1.585807
0.545214,1.589699
0.545099,1.593769
0.544977,1.598091
0.54485,1.602778
0.544713,1.607987
0.544555,1.614005
0.544359,1.62153
0.544066,1.632816
0.543628,1.649745
0.543375,1.661296
0.543216,1.668604
0.543082,1.6748
0.54296,1.680429
0.542844,1.685746
0.542733,1.690891
0.542624,1.695965
0.54252,1.701064
0.542436,1.706299
0.542348,1.711908
0.542251,1.718104
0.542139,1.7253
0.541998,1.734461
0.54179,1.748203
0.541228,1.768816
0.540687,1.787967
0.540344,1.800321
0.540157,1.811445
0.540008,1.82038
0.539873,1.828507
0.539744,1.836357
0.539614,1.844262
0.539459,1.852547
0.539238,1.861941
0.538932,1.874965
0.538476,1.894501
0.5378,1.919553
0.537574,1.927617
0.537378,1.934631
0.537197,1.941135
0.537023,1.947398
0.536846,1.953585
0.536666,1.959815
0.536481,1.966221
0.536285,1.972991
0.536073,1.980385
0.535829,1.988899
0.535522,1.999683
0.535083,2.015858
0.534429,2.04012
0.534126,2.051599
0.533923,2.060221
0.533749,2.067604
0.533589,2.074399
0.533436,2.08091
0.533286,2.087326
0.533135,2.093803
0.532973,2.100511
0.532738,2.107706
0.532452,2.116537
0.532037,2.129394
0.531421,2.148679
0.531046,2.165371
0.530807,2.176452
0.530593,2.186398
0.530386,2.19605
0.530182,2.205944
0.529964,2.216846
0.529699,2.230169
0.529304,2.250154
0.528737,2.280131
0.528438,2.296054
0.528232,2.307814
0.528059,2.318195
0.527894,2.328062
0.527729,2.33803
0.527553,2.348656
0.527287,2.360843
0.526877,2.379123
0.526292,2.406543
0.526023,2.421345
0.525809,2.433224
0.525609,2.444313
0.52539,2.455455
0.525144,2.46701
0.524881,2.47937
0.524578,2.493879
0.524226,2.514496
0.523746,2.54542
0.523465,2.559858
0.523205,2.572148
0.522944,2.584511
0.522661,2.598
0.52235,2.614478
0.521925,2.637578
0.521279,2.672229
0.520756,2.700198
0.520401,2.717141
0.520096,2.731777
0.519794,2.746379
0.519565,2.76255
0.519272,2.786807
0.518581,2.823192
0.51813,2.843018
0.517694,2.869991
0.517324,2.896998
0.517006,2.925899
0.51656,2.958135
0.515442,3.006488
0.515225,3.017138
0.515019,3.027277
0.514813,3.037444
0.514597,3.048121
0.514401,3.059976
0.51415,3.075882
0.513776,3.099743
0.512963,3.135533
0.512553,3.154641
0.512239,3.172169
0.511953,3.188124
0.511684,3.204585
0.511461,3.222473
0.511232,3.240907
0.510965,3.263031
0.510574,3.296217
0.509924,3.345997
0.509563,3.366137
0.509287,3.380672
0.509043,3.393504
0.508821,3.405955
0.508601,3.419165
0.508342,3.434822
0.507985,3.457217
0.507491,3.490808
0.507254,3.512938
0.507158,3.525071
0.507081,3.534971
0.507011,3.543929
0.506928,3.552447
0.506804,3.560982
0.506669,3.570273
0.506516,3.580887
0.506325,3.594151
0.506013,3.614049
0.505532,3.643895
0.505261,3.658714
0.505056,3.669041
0.504883,3.677792
0.504725,3.685768
0.504575,3.693331
0.504437,3.700697
0.504359,3.70807
0.504275,3.716093
0.50418,3.725193
0.504066,3.736244
0.50389,3.751923
0.503469,3.775441
0.502842,3.810718
0.50254,3.827734
0.502287,3.84202
0.50206,3.855591
0.50185,3.869105
0.501636,3.882982
0.501402,3.898244
0.501146,3.916903
0.500795,3.943055
0.500337,3.982283
0.499498,4.032283
0.499234,4.045657
0.499066,4.057261
0.49893,4.069253
0.498772,4.0832
0.498564,4.101619
0.498219,4.129248
0.497679,4.17069
0.497421,4.189675
0.49723,4.20611
0.497106,4.221074
0.496994,4.234557
0.496886,4.247663
0.496737,4.261134
0.496551,4.277052
0.496289,4.299728
0.495736,4.333741
0.495443,4.352695
0.495303,4.365364
0.495172,4.37728
0.495043,4.389044
0.494915,4.401145
0.494822,4.414267
0.494706,4.430977
0.494505,4.456043
0.494066,4.493642
0.493648,4.524677
0.493303,4.549531
0.492977,4.576423
0.492602,4.606939
0.492012,4.652712
0.4915,4.702712
0.491046,4.752712
0.490364,4.802712
0.489665,4.848776
0.489288,4.88189
0.488796,4.931561
0.488344,4.971538
0.487975,4.999755
0.487605,5.035714
0.487344,5.078509
0.487207,5.110361
0.487066,5.138541
0.486685,5.172395
0.486143,5.222395
0.486021,5.242234
0.485839,5.262801
0.485627,5.283132
0.485419,5.303378
0.485208,5.325663
0.48491,5.355286
0.484335,5.399721
0.483747,5.449721
0.483403,5.499721
0.483257,5.518806
0.483125,5.536181
0.483007,5.553257
0.482937,5.57065
0.48287,5.587605
0.482785,5.605129
0.482642,5.625214
0.482437,5.65534
0.482192,5.700529
0.48173,5.737269
0.481564,5.751261
0.481493,5.76341
0.481422,5.775718
0.481348,5.788538
0.481261,5.80235
0.481121,5.817735
0.480968,5.834735
0.480781,5.854999
0.480503,5.883073
0.480106,5.925183
0.479697,5.975183
0.479556,5.994798
0.479435,6.011366
0.479322,6.026779
0.479212,6.041873
0.479074,6.057251
0.478886,6.074389
0.478645,6.09668
0.478434,6.130118
0.478134,6.180118
0.477772,6.230118
0.477538,6.257691
0.477322,6.279568
0.477134,6.298735
0.476878,6.317041
0.476648,6.333221
0.476435,6.348393
0.476386,6.363225
0.476349,6.382951
0.476172,6.412539
0.475686,6.456922
0.475334,6.506171
0.475264,6.527399
0.475212,6.543505
0.47517,6.557649
0.475133,6.570736
0.475098,6.583246
0.475064,6.595513
0.474982,6.607797
0.474863,6.621181
0.474722,6.637079
0.474551,6.658223
0.474331,6.689938
0.474134,6.737511
0.473918,6.772035
0.473756,6.792548
0.473656,6.809322
0.473585,6.825155
0.473514,6.841194
0.473417,6.85796
0.473289,6.875455
0.473157,6.893585
0.473018,6.913182
0.47286,6.935793
0.47269,6.965133
0.472449,7.009143
0.47208,7.059143
0.472,7.090553
0.471896,7.109813
0.471751,7.127662
0.4716,7.146449
0.471454,7.167109
0.471296,7.190363
0.47108,7.218717
0.470769,7.261248
0.470557,7.311248
0.470489,7.361248
0.470266,7.411248
0.470098,7.461248
0.470021,7.511248
0.469777,7.561248
0.469552,7.611248
0.469365,7.661248
0.469051,7.711248
0.468752,7.761248
0.468376,7.811248
0.468121,7.861248
0.467766,7.911248
0.467485,7.961248
0.467405,8.011248
0.467323,8.061248
0.46737,8.090677
0.467345,8.111888
0.467278,8.13177
0.467201,8.152367
0.467047,8.174728
0.466854,8.203867
0.466625,8.247576
0.466594,8.297576
0.466298,8.347576
0.466161,8.391223
0.465998,8.425776
0.465859,8.455174
0.465803,8.482849
0.465801,8.513781
0.465832,8.55701
0.465451,8.60701
0.465374,8.65701
0.465354,8.70701
0.465381,8.75701
0.465138,8.786951
0.465029,8.826082
0.46505,8.866284
0.465097,8.901076
0.465033,8.933116
0.464972,8.971422
0.464817,9.021422
0.464737,9.071422
0.464717,9.121422
0.464459,9.171422
0.464344,9.208968
0.464387,9.241157
0.46421,9.276929
0.464033,9.309296
0.463977,9.340266
0.463904,9.375612
0.463732,9.419597
0.463516,9.469597
0.4634,9.519597
0.463266,9.569597
0.463187,9.619597
0.463161,9.669597
0.463166,9.704415
0.46301,9.733865
0.462901,9.766082
0.462847,9.800553
0.462818,9.836364
0.462828,9.874164
0.462801,9.914391
0.462566,9.96334
0.462257,10.01334
0.462225,10.06334
0.462108,10.11334
0.461966,10.16334
0.461987,10.21334
0.462006,10.26334
0.461877,10.31334
0.461719,10.36334
0.461625,10.41334
0.461708,10.46334
0.461727,10.51334
0.461661,10.56334
0.461662,10.61334
0.461664,10.66334
0.46154,10.71334
0.461486,10.76334
0.461206,10.81334
0.46108,10.86334
0.461124,10.91334
0.46117,10.96334
0.461096,11.01334
0.461161,11.06334
0.461198,11.11334
0.461218,11.16334
0.461091,11.21334
0.461197,11.26334
0.461278,11.31334
0.461268,11.36334
0.461251,11.41334
0.461192,11.46334
0.461255,11.51334
0.461335,11.56334
0.461218,11.61334
0.461071,11.66334
0.461193,11.71334
0.461116,11.76334
0.461284,11.81334
0.461408,11.86334
0.461554,11.91334
0.461672,11.96334
0.461744,12.01334
0.461819,12.06334
0.461882,12.11334
0.46193,12.16334
298.323471,12.21334
298.323471,12.218747
298.323471,12.224582
298.323471,12.230895
298.323471,12.237749
298.323471,12.245211
298.323471,12.253367
298.323471,12.262285
298.323471,12.272019
298.323471,12.282673
298.323471,12.294364
298.323471,12.307229
298.323471,12.321659
298.323471,12.338195
298.323471,12.357355
298.323471,12.379858
298.323471,12.406745
298.323471,12.439749
298.323471,12.48269
298.323471,12.541801
298.323471,12.627786
298.323471,12.729235
298.323471,12.860324
298.323471,13.085067
298.323471,13.420571
298.323471,13.731543
298.323471,14.039323
298.323471,14.346605
298.323471,14.658134
298.323471,14.968673
298.323471,15.276749
298.323471,15.583849
298.323471,15.895234
298.323471,16.208091
298.323471,16.516204
298.323471,16.823382
298.323471,17.131027
298.323471,17.43823
298.323471,17.746816
298.323471,18.055864
298.323471,18.362797
298.323471,18.669903
298.323471,18.976693
298.323471,19.287182
298.323471,19.594215
298.323471,19.901369
298.323471,20.2107
298.323471,20.518972
298.323471,20.825625
298.323471,21.132266
298.323471,21.43918
298.323471,21.746577
298.323471,22.053328
298.323471,22.359858
298.323471,22.670898
298.323471,22.979055
298.323471,23.285519
298.323471,23.592645
298.323471,23.899765
298.323471,24.209165
298.323471,24.515758
298.323471,24.829471
298.323471,25.136488
298.323471,25.443851
298.323471,25.726439
298.323471,25.968106
298.323471,26.285747
298.323471,26.59492
298.323471,26.901408
298.323471,27.207861
298.323471,27.516869
298.323471,27.823459
298.323471,28.13343
298.323471,28.439476
298.323471,28.749082
298.323471,29.056789
298.323471,29.362699
298.323471,29.674382
298.323471,29.981341
298.323471,30.290777
298.323471,30.597818
298.323471,30.904021
298.323471,31.210153
298.323471,31.516332
298.323471,31.824951
298.323471,32.132377
298.323471,32.437975
298.323471,32.743667
298.323471,33.055361
298.323471,33.360915
298.323471,33.671122
298.323471,33.976659
298.323471,34.282837
298.323471,34.588426
298.323471,34.893809
298.323471,35.200597
298.323471,35.506635
298.323471,35.812777
298.323471,36.118122
298.323471,36.423491
298.323471,36.733168
298.323471,37.038327
298.323471,37.344839
298.323471,37.649967
298.323471,37.957915
298.323471,38.263119
298.323471,38.56846
298.323471,38.87378
298.323471,39.184608
298.323471,39.493811
298.323471,39.798935
298.323471,40.105621
298.323471,40.412521
298.323471,40.717454
298.323471,41.022824
298.323471,41.327797
298.323471,41.63491
298.323471,41.921385
298.323471,42.234213
298.323471,42.541148
298.323471,42.848026
298.323471,43.15308
298.323471,43.458937
298.323471,43.763517
298.323471,44.070543
298.323471,44.376311
298.323471,44.681056
298.323471,44.985558
298.323471,45.281484
298.323471,45.593698
298.323471,45.898609
298.323471,46.2045
298.323471,46.509318
298.323471,46.813693
298.323471,47.11827
298.323471,47.423933
298.323471,47.72822
298.323471,48.034043
298.323471,48.339587
298.323471,48.643946
298.323471,48.948266
298.323471,49.254467
298.323471,49.56061
298.323471,49.864868
298.323471,50.168997
298.323471,50.472996
298.323471,50.777173
298.323471,51.08373
298.323471,51.387639
298.323471,51.691996
298.323471,51.995853
298.323471,52.300459
298.323471,52.604463
298.323471,52.912013
298.323471,53.217975
298.323471,53.521958
298.323471,53.827653
298.323471,54.131862
298.323471,54.436084
298.323471,54.74012
298.323471,55.044126
298.323471,55.348439
298.323471,55.651994
298.323471,55.955491
298.323471,56.260582
298.323471,56.565033
298.323471,56.868995
298.323471,57.172386
298.323471,57.479762
298.323471,57.788672
298.323471,58.092038
298.323471,58.397417
298.323471,58.700779
298.323471,59.004642
298.323471,59.312092
298.323471,59.615807
298.323471,59.91904
298.323471,60.223288
298.323471,60.526884
298.323471,60.830447
298.323471,61.133516
298.323471,61.436549
298.323471,61.73957
298.323471,62.049104
298.323471,62.327122
298.323471,62.638222
298.323471,62.941381
298.323471,63.244262
298.323471,63.547485
298.323471,63.852827
298.323471,64.159172
298.323471,64.462421
298.323471,64.766842
298.323471,65.071321
298.323471,65.374746
298.323471,65.678748
298.323471,65.981766
298.323471,66.284478
298.323471,66.588199
298.323471,66.890743
298.323471,67.194681
298.323471,67.498795
298.323471,67.801326
298.323471,68.103808
298.323471,68.408411
298.323471,68.711193
298.323471,69.014413
298.323471,69.319473
298.323471,69.621822
298.323471,69.926605
298.323471,70.22939
298.323471,70.531695
298.323471,70.834101
298.323471,71.139288
298.323471,71.441746
298.323471,71.744077
298.323471,72.046171
298.323471,72.34825
298.323471,72.653484
298.323471,72.955744
298.323471,73.258628
298.323471,73.560785
298.323471,73.802733
298.323471,74.114124
298.323471,74.415877
298.323471,74.717751
298.323471,75.021242
298.323471,75.323496
298.323471,75.627038
298.323471,75.929924
298.323471,76.231696
298.323471,76.534608
298.323471,76.843233
298.323471,77.148592
298.323471,77.451244
298.323471,77.759339
298.323471,78.060921
298.323471,78.363767
298.323471,78.671013
298.323471,78.972735
298.323471,79.275546
298.323471,79.581286
298.323471,79.882752
298.323471,80.184269
298.323471,80.358772
298.323471,80.67126
298.323471,80.972435
298.323471,81.274622
298.323471,81.576615
298.323471,81.878233
298.323471,82.179776
298.323471,82.481505
298.323471,82.782717
298.323471,83.084276
298.323471,83.386044
298.323471,83.687201
298.323471,83.990138
298.323471,84.291186
298.323471,84.592658
298.323471,84.89454
298.323471,85.195718
298.323471,85.497893
298.323471,85.79927
298.323471,86.10337
298.323471,86.409452
298.323471,86.710619
298.323471,87.015794
298.323471,87.316575
298.323471,87.620511
298.323471,87.921931
298.323471,88.222873
298.323471,88.527165
298.323471,88.827846
298.323471,89.129009
298.323471,89.429693
298.323471,89.730312
298.323471,90.031766
298.323471,90.333167
298.323471,90.633905
298.323471,90.9344
298.323471,91.238916
298.323471,91.539368
298.323471,91.841901
298.323471,92.142336
298.323471,92.442739
298.323471,92.745279
298.323471,93.046258
298.323471,93.350371
298.323471,93.652277
298.323471,93.954645
298.323471,94.255997
298.323471,94.556214
298.323471,94.856534
298.323471,95.159674
298.323471,95.459797
298.323471,95.762434
298.323471,96.063321
298.323471,96.370146
298.323471,96.670263
298.323471,96.971998
298.323471,97.272371
298.323471,97.572627
298.323471,97.874071
298.323471,98.142375
298.323471,98.451127
298.323471,98.755733
298.323471,99.056762
298.323471,99.35678
298.323471,99.656545
298.323471,99.956659
298.323471,100.256475
298.323471,100.562469
298.323471,100.862337
298.323471,101.163016
298.323471,101.468076
298.323471,101.767628
298.323471,102.067372
298.323471,102.371945
298.323471,102.671647
298.323471,102.977718
298.323471,103.277119
298.323471,103.577587
298.323471,103.834302
298.323471,104.142536
298.323471,104.44291
298.323471,104.743445
298.323471,105.043002
298.323471,105.342541
298.323471,105.64626
298.323471,105.948011
298.323471,106.250383
298.323471,106.551205
298.323471,106.850441
298.323471,107.150615
298.323471,107.452832
298.323471,107.752296
298.323471,108.051786
298.323471,108.352919
298.323471,108.652019
298.323471,108.951236
298.323471,109.25534
298.323471,109.554653
298.323471,109.859573
298.323471,110.165701
298.323471,110.465291
298.323471,110.767426
298.323471,111.066494
298.323471,111.366521
298.323471,111.665332
298.323471,111.964167
298.323471,112.262917
298.323471,112.561677
298.323471,112.862156
298.323471,113.162699
298.323471,113.46182
298.323471,113.943306